{
  "crop_mean": [
    0.0025585209013411396,
    -0.007467666696401538,
    0.013767907100994913,
    0.0008675640535533536,
    -0.009726325106325763,
    -2.7583945548059017,
    0.03386699186246614,
    0.02019350653601042,
    0.007155269167712387,
    0.039483735002445175,
    0.04868902480251162
  ],
  "crop_std": [
    0.08941648114134215,
    0.05360275139846648,
    0.08684461319476239,
    0.01564869618177933,
    0.08346758075979041,
    139.1878919992687,
    0.1359143524338312,
    0.10267632232458382,
    0.10599439280508914,
    0.13315326084824972,
    0.18792304090522965
  ],
  "delta_feature_cols": [
    "Delta_Rice_weight",
    "Delta_Groundnut_weight",
    "Delta_Jowar_weight",
    "Delta_Bajra_weight",
    "Delta_Maize_weight",
    "Delta_Water_Burden",
    "Delta_Rev_Rice",
    "Delta_Rev_Groundnut",
    "Delta_Rev_Jowar",
    "Delta_Rev_Bajra",
    "Delta_Rev_Maize"
  ],
  "water_req": {
    "Rice": 2500,
    "Groundnut": 1000,
    "Jowar": 700,
    "Bajra": 400,
    "Maize": 1200
  },
  "crops": [
    "Rice",
    "Groundnut",
    "Jowar",
    "Bajra",
    "Maize"
  ]
}